Team Name,Market Value
Motherwell,7.3
Santiago,4.75
Neptūną,0.28
Brașov Steagul,0.475
Gjøvik-Lyn,0.05
Kansai,0.05
Philadelphia,49.73
Grenoble,12.3
TFC II,0.315
Eintracht F II,0.28
Turbina,0.405
Voitsberg,0.28
Sangiuliano,1.98
Górnik Łęczna,3.65
Dukagjini,2.46
CSMS,0.28
Fiorenzuola,2.55
Ferro,8.9
Ringmahon,0.28
Stirling,0.15
Avellino,7.31
Ripensia,0.215
PSV,161.83
Cambuur,7.23
Maldives,1.23
JJK,0.54
Inglewood Utd,0.28
Králové,6.13
Spartak,105.08
Ponte Preta,9.8
Panelefsiniako,0.28
Győr,7.3
Naft MIS,0.325
Masry,7.35
G Anapolis,0.28
Víkingur R,2.85
Shabab,41.68
Portsmouth,8.68
Bourges,0.225
Verl,28.55
Lokomotiv,79.85
Crotone,7.44
Hồng Lĩnh,2.02
Oddevold,0.28
Sparta,105.08
Luqueño,6.53
Hailstorm,3.08
FSV Frankfurt,2.04
ACD Lara,0.28
Heilongjiang,2.26
Siegendorf,0.28
Phrae,1.0
Onsala,0.28
Marine,4.1
Correcaminos,8.7
Fernández Vial,0.525
Chrudim,2.61
Club Brugge II,0.28
Almería,162.8
Lithuania,8.63
Wakrah,9.43
Brisbane,4.65
Alajuelense,6.78
Ruch,7.05
NYCFC,0.725
C. Zvezda,0.28
Caracas,5.4
Mantova,4.25
Tunisia,47.75
Bangkok Utd,5.93
DPMM,2.36
Spelle-Venhaus,0.395
Shaanxi Chang.,0.28
Excelsior 31,0.28
King's Lynn,0.225
Edinburgh City,0.4
Comercial PI,0.28
Newtown,0.91
Girona,123.9
Norwich,77.8
Kashiwa,13.1
Santa Amalia,0.28
Phoenix,5.73
Eimsbütteler,0.43
Méditerranée,0.28
Caruaru City,0.28
Gotham FC,0.28
Huelva,2.7
Gauthiod,0.28
Afyonspor,1.58
Stade Tunisien,6.2
RoPS,0.28
Persik,3.47
Unión Comercio,5.85
MVV,3.48
Warta Poznań,9.85
Oostende,11.38
1461 Trabzon F,3.69
Lviv,9.05
Las Palmas,35.6
Carrick,1.8
Philippines,4.1
Grimsby,3.75
Spain,660.0
Rayong,1.23
Durango,4.2
O. Petrolero,0.28
Persib,5.95
Liège,47.05
Morón,3.61
Andorra,17.4
Northbridge,0.3
Scunthorpe,0.3
Tornadoes,0.28
Project 51O,0.28
Sadd,45.73
Hednesford,0.28
Puerto Montt,4.58
Metalist 1925,7.5
Goianésia,0.15
JDFS Alberts,0.21
Mladá Boleslav,7.33
Sukhothai,2.78
Resovia,3.13
P Siedlce,0.28
Bala,5.08
Shahaniya,0.28
De. Pro.,0.28
Guoan,13.68
Valletta,2.19
Gelbison,1.45
Jiul Petroşani,0.175
Crown Legacy,2.39
Wohlen,0.225
Tauro,2.76
Folkestone,0.28
Autol,0.28
Sint Maarten,0.575
Nea Salamis,6.1
Stripfing,5.16
Belize,0.425
Sporting KC II,0.28
Hyderabad,3.9
Def. Sporting,0.28
HamKam,6.44
Arbroath,2.6
Newcastle,599.0
Gimpo,6.98
SJK,3.98
Adarve,1.18
OB,9.83
Dep. Tolima,0.28
Cesena,7.18
Panachaiki,0.66
Athlone,0.05
Shooting Stars,0.1
Forres,0.05
Sepsi,14.66
New Mexico Utd,3.56
Breidablik,2.99
Prykarpattia,1.6
DVS,8.78
Dinamo Brest,2.93
Alfaro,0.675
Kaan,18.43
Sion,19.88
Pumas,31.0
Ismaily,3.93
Chippenham,0.28
Aparecidense,1.85
Dep. La Guaira,3.63
Uni. Pretoria,0.28
Vaprus,1.68
Dorense,0.28
SM Tucumán,0.28
Uruguay,128.3
South Melb,0.28
Osijek,20.85
Emelec,16.0
HB Køge,2.35
Oita,8.23
Wolves,353.18
Iceland,37.85
Aluminij,2.13
Qatar,11.05
China PR,0.28
Altos,0.56
Waterford,0.35
Torstorps,0.28
Egypt,119.25
Wuppertal,2.58
Estudiantes SL,0.725
Pulau Pinang,0.28
Astoria,1.09
Melipilla,0.15
Erzeni,1.43
Canelas,0.28
Est Caseros,0.28
Altglienicke,2.19
Cádiz,56.2
Châteauroux,4.7
Tartu Kalev,0.28
Krka,1.25
Samut Prakan,1.43
Brentford,393.8
Cagliari,48.53
San Carlos,3.28
Riestra,3.11
Belfort,0.28
Celje,6.88
Yukun,1.63
Ratchaburi,4.05
Şanlıurfa,5.37
Bnei Raina,0.28
TWL Elektra,0.28
Domžale,4.27
Wugou,0.28
BSU,0.075
Bilecik 1969,0.28
Wisła Płock,6.9
Skënderbeu,2.05
İskenderunspor,3.03
Guiseley,0.28
Türkgücü,1.87
Gifu,3.06
Notts,1.13
Braintree,0.2
Novo Hamburgo,0.685
Def y Justicia,0.28
Dundee,7.08
Algar,3.18
Manisa FK,7.05
Borinci,0.28
North Texas,2.51
Needham,0.28
Clermont,49.8
Orlando,44.15
Akwa Utd,0.28
Newcastle Oly.,0.28
Banga,3.5
Mezőkövesd,6.7
Vysočina,3.08
Palmeiras,162.8
Osorno,0.15
Honduras,10.38
Raj Pracha,0.28
Corí-Sabbá,0.28
Vita,1.96
Bayreuth,1.67
Dumbarton,0.2
ROC,299.93
Offenbach,3.03
Curicó Unido,9.65
Busan IPark,10.65
La Luz,6.01
Solihull,0.625
Kriens,1.55
Inter Turku,3.73
Vaduz,5.28
Lorient,95.7
Alzira,1.53
USVI,0.28
Pakistan,1.18
Chiangrai,3.3
Bavarian,0.28
Temuco,4.75
Podbrezová,4.38
Fuentes,0.28
América MG,0.28
12 Bingöl,0.28
WSG Tirol,9.23
Plateau Utd,0.28
KV,0.115
Teutonia Ott.,0.28
PSM,3.88
Shkendija,5.7
NoPS,0.28
Pollok,0.28
Spartaks,0.35
Quick Boys,0.175
Lampang,1.0
Warin Chamrap,0.28
Tyresö,0.28
Nova Mutum,0.28
Mačva,2.48
Rad. Stężyca,0.28
Dersim,0.28
Monaco,981.2
Quilmes,5.09
Villa SC,0.28
Chebba,1.88
Roslagsbro,0.28
Concord,4.32
Deportivo Lara,0.175
WSPG Wels,0.28
Kuching FA,2.46
Houston,29.63
Criciúma,10.43
CSP,19.05
Boca Unidos,0.45
Cowdenbeath,0.28
Benevento,12.49
Pterosaur,0.635
Tabasalu,0.28
Soliman,3.45
Sousa,0.1
Krumovgrad,4.47
Jena,2.28
Ranong,0.75
Caldas,6.53
ES Bouhajla,0.28
Laagri,1.19
Varberg,6.65
Russel,1.63
Hartford Ath,3.39
Calcio Padova,4.9
Pacific,3.41
Lucchese,3.15
Bologna,147.9
MGCB,0.3
Svoge,1.95
Helmond,5.48
Adelaide Utd,0.28
Tractor,19.43
Heybridge,0.28
Železničar P,6.95
Hacettepe 1945,0.125
LASK,28.15
Cincinnati II,0.28
Plaza Colonia,9.0
Tabor,3.44
Korea Rep,120.0
Mohammedan,2.26
Napoli,577.55
Plymouth,17.03
Sport Huancayo,6.9
Canada,27.9
SGI,0.1
Fram,1.35
Swansea,67.4
Krško,0.155
Paraguay,116.6
Mongolia,0.735
BAK,26.25
Go Ahead,14.6
Torns,0.125
Cimarrones,6.85
Holon Yermiy,0.28
Besëlidhja,0.525
Žilina,7.93
Stowmarket,0.28
Sounders,47.63
Tristán Suárez,2.23
Super Nova,1.27
Phönix Lübeck,1.07
Bodrumspor,8.76
Mechelen,22.93
Leganés,15.05
Kyzyl-Zhar,5.53
Burreli,0.59
Iğdır,1.98
Juazeiro,0.225
Košice,4.16
Boden,0.51
Atlético Huila,7.63
Lewes,0.28
Jönköpings B,0.28
Fortis,1.51
Huétor Tájar,0.025
RFS,8.43
Kilmarnock II,0.28
MTK,7.25
Zob Ahan,5.73
Pittsburgh,3.64
Coleraine,2.62
Exeter,5.5
KA,17.45
Muktijoddha,1.43
Derby,15.5
Scarborough A,0.1
Gurten,0.28
Young Africans,1.4
Uthai Thani,2.73
Warriors,3.33
León,49.0
Rejiche,1.05
Banfield,21.85
Club De Lyon,0.15
Paris 13,1.58
Shonan,10.7
Rapids II,0.28
Tocantinópolis,0.1
U Rondonópolis,0.28
Ajaccio,16.45
Doxa,4.88
Wolfurt,0.28
Wormatia,0.125
Weiche,1.52
Congo,79.0
Sapanca,0.28
Khust City,0.28
Mykolaiv,1.26
Bangu,0.3
Cincinnati,45.35
Gallants,0.775
Atlético SC,0.28
Sociedad,366.05
Legia,31.0
Dep. Cali,0.2
Älmhults,0.28
Çatalca,0.28
Trat,2.13
Birmingham,45.5
Navy,0.175
DSC,40.58
Brasiliense,0.475
Leiknir R,0.755
Bendel Ins.,0.28
Rukh Vynnyky,0.28
Ilves,3.1
Slavia Sofia,5.91
Bjelovar,0.51
Zonguldak,1.31
Marcílio Dias,0.1
Resources Capi,0.81
Roi Et United,0.28
Eilenburg,0.61
East Kilbride,0.225
Montréal,28.8
Racing Rioja,0.35
Frigg,0.025
Audace Cerig.,0.28
Norrby,0.2
H. Litauen,0.28
Cardiff MU,0.28
Tegevajaro,2.28
BFC Dynamo,2.41
Jelgava,1.27
Latina,3.94
Köln,95.5
Pro Sesto,2.79
Brescia,13.26
Spartak Varna,3.13
Canberra,0.01
Iraq,13.08
Katrineholms,0.28
Zbrojovka,5.58
Köniz,0.28
M Haifa,0.28
Ulsan,18.95
Real Madrid II,0.28
Londrina,6.3
Ionikos,3.45
Dewa United,5.1
Moss,2.73
SSVg Velbert,0.2
AEK,60.05
Partick,4.8
Lushan,1.42
Bulls,36.35
Kalmar,10.7
St. Lucia,2.57
Connah's Quay,1.61
Venda,0.15
Real,998.0
Apollon Pontou,2.08
Nashville,43.9
Castellón,5.5
Qisheng,0.545
Évian,0.25
SGV Freiberg,1.05
Blyth,0.15
Aarau,4.75
Réal Bamako,0.28
CSE,16.0
Runcorn L,0.075
NOB,45.55
Ferlach,0.28
Tulsa,4.05
ESZ,3.13
PIF,0.085
Dinamo,111.1
Wolfsburg,214.1
Erbaa,0.425
Weiz,242.5
Peterhead,0.28
Sarpsborg,8.68
Cartaginés,5.18
Viterbese,0.325
Rabo Peixe,0.28
Dunkerque,8.38
Crystal Palace,308.45
Alexandria,9.5
Istra,9.05
Darlington,0.125
Antalyaspor,30.18
Víkingur,2.85
Blooming,8.12
Pobeda U19,0.28
Gafsa,1.75
Urk,255.1
Belshina,2.15
Amstetten,4.2
Kyrgyzstan,8.28
Juárez,24.1
New York,54.65
Pirin,3.65
12 Octubre,0.28
Hungry Lions,0.28
Loko Plovdiv,7.33
Barrow,2.75
Havelse,1.16
Fortuna,26.8
Viettel,3.9
Pirates,19.95
Paysandu,4.03
Linense,1.8
Santa Clara,9.55
Gold Star,1.48
Alanyaspor,37.0
Bastia,366.05
Ardagger,0.28
Atenas,60.05
Asker,5.24
Sacramento,4.28
Brann II,0.725
Hibernians,3.81
Azul Claro,2.4
Diyarbekirspor,1.65
Merlo,0.085
Aberystwyth,0.67
Kings,4.83
Casric,0.425
Hungary,127.65
Thisted,0.15
Sarıyer,1.78
Dorking W,0.05
Málaga,9.25
Dag & Red,43.8
Skala 1911,0.28
Sigma,8.38
Acad. Cantolao,0.28
Neman,5.05
Stade Briochin,1.88
Azerbaijan,15.6
Fairydean,0.28
USM Alger,10.95
Peru,35.9
Slough,0.28
Derry,3.65
Nottingham,337.38
Monagas,6.4
Virtus,6.03
Unión Sun,0.28
Spezia,61.13
Valur,2.41
Utrecht,51.15
Oued Akbou,0.28
Mineros,8.75
FBK Karlstad,0.28
Shandong,10.85
Hajduk,48.6
Tulevik,0.28
Goiânia,0.1
Español,660.0
Kırklareli,1.34
Turks & Caicos,0.125
Hatay,18.71
Pazar,5.5
Kapfenberg,3.34
Guimarães,38.5
Linfield,2.89
Sarajevo,8.2
Göteborgs,0.28
Pouso Alegre,1.98
Torres,3.73
Dunfermline,2.53
Dalbeattie,0.28
FC St. Coloma,0.28
Goa,14.6
Young Lions,1.07
Zebbug,2.26
Bristol,32.25
Kuwait,5.75
Radomsko,0.28
Aucas,10.7
Columbus,42.23
Mel Victory,0.28
India,5.45
Santo André B,0.28
Real Soc II,0.28
Strollers,62.1
ÍA,148.5
Jeddeloh,0.95
Bari,39.15
Guingamp,15.85
HJK,8.05
Atlético Paso,1.25
Tunis,47.75
Roots,3.07
Sagamihara,1.9
Wilstermann,6.85
Ferroviária,1.25
Roar,4.65
Beroe,2.33
Rio Branco,0.4
Barracas C,11.33
Rennes,313.95
Cruz Azul,49.7
Grecia,150.8
Warrington,0.05
Šamorín,1.54
Mura,4.73
Hartberg,7.7
Lyngby,6.8
Baden,11.98
Fremad Amager,2.08
Breitenrain,1.35
Police Tero,3.15
Industriales,0.28
Argentino MM,0.28
Radenci,0.28
Demirspor,37.53
Guijuelo,1.5
Dep. Cuenca,7.85
HK U23,0.795
Dynamo CB,5.24
Nara,2.82
Salt Lake,32.45
IJsselmeervoge,0.175
Degerfors,7.23
Olympic,288.85
Radomlje,3.43
Vorwärts,0.28
Real Sociedad,366.05
PPK,0.05
Aris,26.58
H Petah Tikva,0.28
Śląsk,10.7
Burundi,15.55
Botev Vratsa,3.61
Fraserburgh,0.28
Sacachispas,0.2
Cven,0.28
Vaca Díez,5.17
National Bank,0.28
Wiener SC,0.28
Lesotho,0.475
Farul,21.54
RW Mazowieckie,0.28
Madrid,998.0
Maguary,0.28
Southern,3.19
Liver Bros,0.28
Retrô,2.7
Puebla,21.3
Real España,3.97
Arrows,9.3
Torremolinos,0.45
Barra,21.03
United Nordic,0.28
Nova Iguaçu,0.7
Barry Town,0.895
L. Mikuláš,0.02
Riffa,17.15
Adıyaman,0.505
Netherlands,597.5
Dukla,4.35
Lancaster,0.1
Algeria,149.0
Suphanburi,1.65
Brackley,0.175
Aubstadt,1.33
Wuhan Yangtze,0.28
Rogaška,3.23
Fredrikstad,4.73
Belarus,13.15
ADO 20,0.28
EPS,14.66
Mt Druitt Town,0.025
Seraing,5.73
Chattanooga,2.71
Tord,0.075
Hapoel Nof HG,0.28
Eskilsminne,0.175
Mégrine,0.28
Korsnäs,0.28
FA 2000,0.15
Green Gully,0.28
Braunschweig,12.13
Dongguan Utd,0.28
Sligo,2.44
Hannover,23.18
Shimizu,11.6
Midtjylland,37.7
Bourg,180.35
Troyes,44.6
Bistra,0.28
Melgar,10.65
Sutton Utd,3.48
Sektzia,1.72
Legia II,0.28
Hapoel Afula,1.55
Pombal,0.28
Genoa,96.15
Veertien Mie,0.1
Kalba,14.28
AFC,0.28
Bayern München,981.2
Púchov,1.34
Sunderland,58.55
Dash,0.55
SPAL,48.6
Atlanta Utd II,0.28
Odra,3.58
Malavan,4.8
Rijnsburg,0.31
Harrow,0.28
Chippa Utd,0.28
Gubbio,4.4
Moreland City,0.28
Yonkers,0.28
Bitlis Özgüz.,0.28
Tajikistan,7.05
Tirana,5.95
Sakhnin,4.25
Celtic,117.45
Greifswald,2.14
KePS,0.28
Sandviken,0.075
Afogados,0.28
Seychelles,0.28
Arna-Bjørnar,0.28
Morocco,299.93
El Salvador,8.08
Boca Juniors,75.63
Central,18.73
Górnik,9.93
Egnatia,5.08
Oriental,5.5
MP,1.85
Versailles,3.88
Lierse K,4.05
Thun,9.8
Zhejiang,10.38
Hamrun,4.98
Santander,11.6
UD Oliveirense,3.78
Kanchanaburi,0.275
FAR Rabat,12.02
Lupopo,0.9
Recoleta,3.55
Forfar,0.175
Al Jazira,25.53
Edinburgh U,0.28
Nassr,152.98
Panathinaikos,51.85
Lillestrøm,10.45
Kaiserslautern,15.98
Famalicão,47.03
Mollerussa,0.28
Tormenta,2.74
Șoimii Lipova,0.1
Oliv. Hospital,0.35
Coalville,0.28
El Nacional,8.2
V-Varen,8.88
Nottm Forest,337.38
Chełm. Chełm,0.28
Sandnes,2.75
Stuttgart II,2.5
Dalvík/Reynir,0.28
Deportivo G.,0.28
Dakkada,0.28
Slobozia,2.5
A Lustenau,7.8
Solin,3.96
Magdalena,7.68
Huai Thalaeng,0.28
Confiança,1.03
Potiguar M,0.28
Santa Fe,13.08
Kiryat Shmona,4.46
Lech,80.85
MC Alger,10.45
Marchfeld,0.28
Gijón,24.35
Córdoba SdE,0.28
Drogheda,1.13
Sepahan,10.78
Ventforet,6.03
Grótta,0.515
HUI,7.63
Tromsø,8.15
Batman Petrol,1.63
Godset II,0.65
Eintracht,276.7
Meyrin,0.11
Ağrı 1970,0.28
Vojvodina,16.76
Nürnberg,19.38
Bromley,0.55
Queen South,0.28
Belgrano,15.5
Motala,0.025
Persita,2.92
Elva,2.7
Atlante,12.73
Kunshan,0.28
Congo DR,0.28
Slutsk,3.0
Monor,0.06
Östersund,3.94
Romania,74.55
Estudiantes M.,0.28
Le Mans,5.28
César Vallejo,8.58
Comoros,0.975
Coruripe,0.28
Buzău,4.14
Platinum City,0.28
Hildesheim,0.28
Inter,493.35
Odisha,4.1
Bristol Rovers,8.9
Guyana,1.3
Red Imps,2.28
Gudja Utd,0.28
KH,0.28
Abahani Chitta,0.28
Colombia,229.75
Clachnacuddin,0.05
Gabon,40.08
Kırşehir FK,0.28
Hussein,2.05
Saint Martin,0.28
Estudiantes RC,3.12
Adalah,5.0
Young Singh,0.28
Werder,98.5
LDU Quito,17.0
Shakhtar D,98.85
GOAL,1.8
RB Leipzig,406.9
Náutico,4.0
Granadilla,0.28
Guarani,9.68
Tucson,0.28
Piacenza,2.4
Grindavík,0.87
San Lorenzo,45.38
Vancouver FC,2.69
Hertha II,0.28
Cangzhou,6.7
Karpaty Lviv,4.96
Martinique,4.38
América,96.38
OTP,0.28
Curaçao,13.38
Brøndby,33.9
Estoril,19.18
Piteå,0.125
Concórdia,4.32
Bayburt,0.65
Niger,339.9
Inverurie,0.075
Betis,225.0
Radnički Krag,0.28
Barcelona II,0.28
NC Fusion,0.28
Burghausen,1.32
Circulo Dep.,0.28
Gombe Utd,0.28
Ruthin Town,0.02
UDA Soccer,0.28
Rad,69.7
Fund. Tenerife,0.28
Loon-Plage,0.2
Khonkaen,2.73
Red Lions,1.49
Cremonese,47.5
VVSB,0.28
Pogoń II,0.1
Valencia,148.5
HK,1.23
Zápy,0.65
Penafiel,5.95
Pescara,6.15
Tavistock,0.28
Lib / Limp,0.28
Ourense,1.25
Castleview,0.28
Alebrijes,5.33
Avondale,0.28
Democrata SL,0.28
9 de Octubre,1.15
Trier,0.06
Nacional,84.0
Gimcheon,10.98
Dandenong,0.2
Tapatío,10.55
Bulgaria,30.85
Herediano,7.58
Næsby,0.28
Zvyahel,0.28
Bremer SV,0.49
Comercial,0.075
Orléans,4.68
SuperSport Utd,9.68
Princesa,0.28
Spurs,715.3
Wegberg-Beeck,0.05
Wealdstone,0.3
América SE,0.28
Mumbai,5.5
Viktoria B,1.16
Cobreloa,6.03
Água Santa,0.25
Barcelona,769.0
Talleres,52.55
Kerala,4.78
Covilhã,2.28
JDR Stars,0.225
Shabab Al Ahli,0.28
Inhumas,0.28
Racing Lou,0.28
Guinea-Bissau,23.58
Guaraní,9.68
Excelsior,13.25
Olimpia,85.6
Jonava,0.15
Raith Rovers,5.1
East Bengal,4.38
Hartford City,0.05
Ipatinga,0.35
Elgin,0.175
South Africa,12.3
Rhynern,0.28
Cali,72.75
Sfax,7.38
SM Formosa,0.28
Flamengo,161.25
Lions,588.5
Greece,150.8
Vålerenga,12.6
Abha,19.98
Frosinone,24.28
Taawon,20.18
Schallerbach,0.28
Juazeirense,0.28
Hilal Omdurman,0.28
Grêmio,67.95
Atalanta,338.75
Napredak,5.26
Rockdale,0.28
Dinamo Tbilisi,8.83
Koper,3.68
Gebenbach,0.28
TEC,35.65
Bandırma,9.7
Shorta,3.08
1922 Konya,0.28
Magallanes,7.5
Montedio,9.8
Leonessa,13.26
Paradou,7.95
Palestino,10.03
Hellenic Athl,0.28
Al Wasl,26.58
Kuala Lumpur,4.07
Mjällby,9.18
Caldense,0.28
Haiti,13.08
Nyva Buzova,1.7
Kahramanmaraş,0.28
Franke,1.67
MC Oran,4.2
Serpa,0.28
Rostock,15.73
Bradford,4.98
Avranches,3.2
Quintanar,0.075
Israel,63.95
Cosenza,12.28
Rize,15.85
Nîmes,4.4
Heidelberg,0.28
Gibraltar,1.84
Inverness,4.68
Potenza,3.74
Österlen,0.025
Real Unión,4.0
Karmiotissa,5.68
Vejle,8.55
Blackpool,15.08
Örgryte,4.64
Vipers,1.33
Karlberg,0.28
Horsens,6.2
Uşak Spor,0.645
Yomra,0.28
Victoria,30.0
Lok Leipzig,1.93
Cascavel,0.125
Sollentuna,0.28
Supermarine,0.05
CA Mannucci,8.9
Luckenwalde,0.945
Axiopolis,0.28
Zestafoni,0.01
Charleroi,34.85
Boyabat 1868,0.28
Vanspor,0.28
Morecambe,3.9
Stade Pontivy,0.28
Gernika,1.53
Lechia ZG,0.28
Cliftonville,3.17
Intercity,4.5
Guangzhou City,0.28
Persebaya,4.2
Nakhon Si Utd,0.28
Kedah,4.68
Cianorte,0.075
St. Louis,29.95
KC Current,0.28
Uttara,1.29
Espanyol,63.7
Jönköpings S,3.51
Bednja,0.1
Trofense,1.68
Bærum,0.28
Vissel Kobe,16.0
St. Pölten,6.33
Nieciecza,5.03
Kawasaki,16.28
Puerto Rico,1.33
Manresa,1.13
Mazatlán,31.9
Auto Esporte,0.28
Yokohama,17.33
Slaven,7.58
Montalegre,0.15
Tai'an,1.13
Rosenborg,19.6
Start,4.65
Jaguares,6.8
Guayaquil City,10.6
Bekalta,0.28
Zenit,149.93
IFK Malmö,0.28
Makedonija,55.4
Tataouine,1.9
Macará,0.95
Recanatese,2.35
P-Iirot,0.01
Kauno Žalgiris,5.99
Vänersborg,0.28
Ayutthaya Utd,0.925
Bld Derince,0.75
Jacobinense,0.28
ADT,27.2
Ararat-Armenia,4.83
Mali,160.65
Altınordu,2.13
Thróttur R,0.59
Courage,0.28
Manhattan,0.28
Pereira,12.95
Dzierżoniów,0.28
Karlsruhe,14.4
Kilia,0.59
Donaufeld,0.28
Club Brugge,141.45
Águia Marabá,0.28
Queimadense,0.28
Polissya,9.93
Jadran Poreč,0.25
IF Fram,0.05
Forest Green,5.28
Santa Lucia,2.57
Lippstadt,1.15
Hempstead,0.28
Cumbayá,5.78
Växjö,4.36
Bermuda,0.275
Albion San Die,0.11
Fortaleza,39.05
Real Madrid,998.0
Csikszereda,2.45
Thap Luang Utd,0.28
Kamphaeng,0.28
Qarabağ,12.9
Inter Limeira,0.475
Žižkov,2.8
Port,902.0
FC Andorra,17.4
New England II,0.28
Sreenidi,3.68
Pevidém,0.28
Feyenoord,205.9
Dalian,4.44
52 Orduspor,0.7
Resende,0.35
Zagłębie,16.7
Machida,10.83
Aston Villa,588.5
Mladost Lučani,7.43
Gretna,0.1
Allerheiligen,0.28
Lanhang,1.17
Jonsered,0.28
Ghost Gate,0.28
Floresta,0.9
Köln II,2.85
F Marinos,0.28
Liverpool,794.8
Skå IK,0.275
Bochum,52.25
Gokulam Kerala,2.4
Bremen,98.5
Mirandés,7.5
ZTE,11.58
Schweinfurt,1.03
Aue,165.58
Altach,8.25
Riga,13.0
A Merlo,0.28
Qviding,0.28
Persikabo 1973,2.8
IAPE,0.28
Chicago Fire,36.25
Maritzburg Utd,3.03
Bolton,10.63
Alagoinhas,0.75
Catanzaro,14.1
Arguvanspor,0.28
Chester,0.28
Atletico Malmi,0.28
Cristo Atl,0.4
Thaon,0.28
Jablonec,8.43
Cumnock,0.28
Türkiye,255.1
Esportivo,19.18
Chanthaburi,1.0
Cavalry,3.18
Heidenheim,29.15
CEOV,1.43
Atl. Tucumán,21.3
Ascoli,14.85
TOP Oss,4.15
Giannina,9.28
PSG,0.28
Dinamo-Auto,0.495
Tallinna Kalev,1.79
Matsumoto,3.51
New York RB II,0.28
Chonburi,4.7
GVVV,0.28
Gleichenberg,0.28
Wales,182.38
Arnavutköy BS,0.28
Stellenbosch,8.28
Magdeburg,15.95
HBCL,1.28
Cerro Porteño,25.98
Coritiba,37.4
Büyük Anadolu,0.28
Goiás,22.53
Longding,2.18
São Francisco,0.28
PK-35,0.28
Grobničan,0.06
Malacateco,3.29
Riyadh XI,0.28
Fleetwood,8.13
Waalwijk,11.13
Lexington,1.86
Villa Nova,0.28
SAK,51.03
Hvidovre,5.8
Dundalk,2.76
Italy,545.5
HAGL,3.2
Aimoré,0.375
Estudiantes,32.8
Lleida,2.2
Fazenda,0.28
Serdica,0.28
Larissa,0.28
Virton,2.76
Bersenbrück,0.28
St. Anna,0.28
Predators,0.28
Châtaigneraie,0.28
Tomori,0.305
Bentleigh,0.025
Stevenage,4.83
Chaves,15.23
New England,45.68
Aus Klagenfurt,0.28
Brann,10.88
Sf. Gheorghe,14.66
Velo,0.275
Pyunik U19,0.28
Schaffhausen,3.44
Dob,13.05
A. Paralimniou,0.28
Hazm,0.28
Loughgall,0.05
Olot,2.7
Cañuelas,0.025
Třinec,1.81
Royal AM,98.0
SC Wanderers,0.28
Juventud UU,0.28
Beasain,0.925
Sirius,7.85
Obolon' Kyiv,0.28
Charlton,7.98
CSF Bălți,0.28
Dumiense,0.25
Pinzgau,0.28
Ñublense,9.53
Chorley,0.05
Caxias,1.1
Matonense,0.28
Barbados,0.725
Malta,11.15
RB,0.05
Las Heras,0.83
Halmstad,7.13
Cusco,8.08
Buckie Thistle,0.28
Flower City,0.15
KF Gostivari,0.28
Slovenia,91.1
Lushnja,0.62
West Ham,396.9
Independiente,27.2
Brommapojkarna,8.03
Nafta,2.7
Sri Pahang,4.14
Hai Phong,2.95
Terengganu,4.39
Tongliang Long,0.28
Zürich,15.7
Ayutthaya War.,0.28
SJK Akatemia,0.28
UD Logroñés,3.35
Novi Pazar,5.5
Persepolis,14.35
Khaleej,12.4
San Felipe,4.75
All Boys,2.93
Vard,7.25
Real Ariquemes,0.28
Chainat,0.8
Swift,4.22
São Luiz,0.45
Reign,0.28
Schalding,0.67
Wimbledon,3.73
Newtongrange,0.28
Mushuc Runa,8.45
Gaziantep,18.43
North Geelong,0.28
Celta Vigo II,0.28
Tepecik,0.28
Thór,0.93
PAOK II,0.28
Hastings Utd,0.225
Tepa,7.8
Kerry,0.28
Zrinjski,9.5
Eastbourne B.,0.28
Auchinleck,0.28
Chernihiv,0.85
Angel City,0.28
Haverfordwest,1.28
CAR,242.5
Vitória,38.5
Mainz 05,120.35
Mohun Bagan,8.9
Vannes,0.685
Nona,0.035
Manly Utd,0.28
Ararat,4.83
Corinthians,97.95
Kilwinning,0.28
Plabennec,0.28
KTP,2.53
Vyškov,3.08
Berwick,0.28
Racing Córdoba,0.035
Milsami,3.68
Luxembourg,28.05
Once Deportivo,2.09
Turris,3.5
Michigan Stars,0.05
Northampton,5.4
Gütersloh,0.525
Almere,10.38
Punjab FC,3.38
Rotherham,17.35
AFC Eskilstuna,4.26
TeBe,0.38
Paks,6.63
Teuta,3.05
Itabuna,0.05
San Luis,30.1
USBG,4.95
KR,1.78
Bayer,981.2
Start Jełowa,0.28
FH,2.15
Linlithgow,0.05
Equat Guinea,0.28
Falcon,1.89
Honda,3.6
Tonbridge,0.28
EOSB,1.3
Waldhof,5.48
Düren,1.41
Puntarenas,2.75
Pattaya,0.525
Union II,2.03
Pays de Cassel,0.35
Atlético,529.2
Vizela,13.33
Columbus II,0.28
US Biskra,4.48
Palmaflor,8.26
La Paz,12.45
Valenciennes,13.1
Concarneau,6.35
Nakhon Pathom,0.28
Jednota Bánová,0.28
Feirense,3.38
Chalatenango,1.54
Pogoń,13.48
GC Zürich,1.12
Perugia,6.4
Granville,0.3
Carlisle,6.2
Richmond,2.53
Radnički Niš,8.4
Mokawloon,5.45
Giugliano,3.14
Colorado,37.03
Marsaxlokk,4.03
Banks O' Dee,0.28
Cayman,0.02
Yeclano,0.825
Lahti,3.25
Municipal,6.73
Kielce,8.1
Thanh Hóa,2.55
Giresun,2.4
Grorud,0.425
Roskilde,0.4
Zwolle,14.58
Guinea,65.3
CDL II,0.28
Trem,1.35
Atromitos,13.93
Nasarawa Utd,0.28
Loznica,1.63
Chojniczanka,0.28
VIFK,0.05
Aktobe,9.93
Fylde,0.175
Sumqayıt,5.58
Independence,2.93
Al Nasr,1.78
Bayern II,9.05
Austria,314.6
Kalamata,6.18
Luverdense,0.28
Palestine,4.0
Athletic,529.2
Tianshan,0.28
Mes Kerman,4.9
Rochedale,0.25
Juve Stabia,3.25
Sogdiana,4.19
H Umm al-Fahm,0.28
Halberstadt,0.28
Turgutlu,0.2
Wick,11.48
Oberachern,0.28
Ituzaingó,0.17
Silkeborg,11.2
Venezia,30.45
23 Elazığ,0.28
Ghazl,2.83
Preston,42.05
Röthis,0.28
Mauritania,7.03
KaaPo,0.28
N. Macedonia,0.28
Levski,18.35
Delfin,7.58
Alta,247.13
United States,96.38
Leoben,4.19
Ammanford,0.01
Kecskemét,7.09
Greenville,2.38
Jocoro,2.33
Bognor Regis,0.28
Balıkesirspor,0.87
CRB,12.33
British VI,0.28
Rangers,117.38
Coventry City,41.95
TRAU,12.43
L. Artsakh,1.63
Futura,0.28
Yeni Mersin,0.15
BW Linz,6.43
Sūduva,3.02
PAOK,48.4
Minaur BM,0.28
Dep Madryn,0.28
Sturm II,0.28
Mpheni,0.28
Medellín,15.63
İnegöl,2.4
Malaysia,5.8
1954 Kelkit,0.28
FK IMT,5.78
Aruba,0.335
Xelajú,4.32
Hankofen,0.28
Zimbru,3.12
Steinbach,2.8
Lechia,7.18
Chambéry,0.28
Wellington,5.38
Njardvík,0.69
Los Angeles,55.4
Suwon,14.78
Fateh,24.78
Quick,0.175
Bangladesh,2.88
São José MA,0.28
The Strongest,12.45
Roda,5.55
Foolad,10.78
Viitorul PTG,0.28
San Miguel,2.99
Wehda,8.45
NuPS,0.28
Acassuso,0.1
Lucksta,0.28
Altrincham,0.525
QRM,12.05
Resistencia,4.13
Briton Ferry,0.025
Maryland,0.15
Hallescher FC,4.78
Suez,0.125
H Jerusalem,0.28
Luleå,0.28
Radès,0.28
French Guiana,1.3
Holstein II,0.28
San Antonio,5.8
Modena,16.9
Real Monarchs,1.93
Eichstätt,0.01
Coruxo,1.43
MK Dons,5.38
ESHS,1.05
Tozeur,0.28
Dunbar Utd,0.28
Linares,2.6
H Kfar Saba,0.28
Jagodina,0.16
Lidköping,0.28
West Armenia,1.75
Babelsberg,1.52
Capivariano,0.28
Pharco,6.53
Sunshine,0.28
Yüksekova BS,0.28
Dongen,0.28
Wiedenbrück,1.55
Orange County,4.41
Bahamas,0.28
Dortmund II,9.65
Ryūkyū,4.04
Wrexham,0.85
Mozambique,0.175
LNZ Cherkasy,6.0
RW Ahlen,1.06
Sivas BS,0.28
BGPU,8.6
Radnički NB,0.28
Auda,10.15
First Vienna,4.65
Diriangén,1.15
Gamba,13.98
Pontevedra,2.95
Bonnyrigg RA,0.28
Perak,2.73
Carlos Stein,3.82
Akritas,0.75
Paranaense,102.8
Tolima,17.45
Boluspor,5.7
Nojima Stella,0.28
M'gladbach II,1.91
Raja,17.02
Antigua,3.38
Omonia Nicosia,15.5
Hartlepool,2.8
Znicz,1.33
RW Essen,5.63
Hearts,15.15
Sanfrecce,14.85
Rijeka,25.5
Skellefteå,0.28
Urawa,19.35
Pacajus,0.28
Chania,4.36
Ecuador,206.9
Považská,1.55
QPR,36.8
São Bento,0.8
WAC,260.6
Zlatibor Č,0.575
Auxerre,26.2
Prachinburi C,0.28
Voždovac,8.98
Polkowice,0.28
Luzi,0.56
Kelty Hearts,0.075
ADO,206.9
Domažlice,0.525
Łagów,0.28
Maidstone Utd,0.28
Varzim,0.4
Lealtad,0.28
Eldense,8.6
Tokyo,14.1
Rudar,1.2
Tokat BDPS,0.28
Tehničar 1974,0.28
Blauw Geel 38,0.28
Kalisz,0.28
Puerto Cabello,6.85
Røa,260.6
Reşiţa,1.12
CS Constantine,7.15
Monte Azul,0.28
Mafra,6.1
Anderlecht,80.85
Nueva Chicago,2.78
Alashkert,5.24
Drochtersen,1.76
Motema,0.3
Songkhram,0.28
Bani Yas,0.28
Incheon Utd,11.03
Ružomberok,5.03
Austria XIII,0.28
Viking,13.3
R. Central,0.28
Chungnam Asan,6.38
Foggia,4.5
Doce Mel,0.28
Orenburg,22.15
Finn Harps,0.11
Vinogradar,0.28
Maidenhead Utd,0.325
Udon United,0.28
Mirassol,10.85
Hilal,161.2
Pozoalbense,0.28
Gillingham,4.85
AZ II,4.03
Maynooth Uni,0.28
Binacional,6.73
Idrija,0.28
Ahrobiznes V.,0.28
Einheit Wern.,0.28
Tampines,2.25
Daegu,10.4
SSS,0.275
Bang Sao Tong,0.28
ASA,247.13
XV Piracicaba,0.825
Dundela,0.045
City Torque,10.55
Caucaia,0.25
San Marino,0.975
Vilaverdense,0.1
Fatih,19.73
Valledupar,0.375
Lecco,6.8
Morelia,8.8
Berga,338.75
Haimen,1.04
Bałtyk,0.28
Bryne,2.9
Marsa,4.03
Diables Noirs,0.2
Alhama,0.28
Estonia,8.25
Sydney Utd,0.28
SteDoCo,0.28
Avaldsnes,0.28
Albania,74.25
Darul Ta'zim,9.93
Umeå,0.28
Oakleigh,0.28
São Martinho,0.28
Celaya,9.15
Rayyan,44.8
Portland,40.9
Mexico,167.6
Anadia,27.9
South Shields,0.28
Ishøj,0.15
Birkirkara,3.56
Croatia,260.6
Gloucester,0.1
Glasgow Uni,0.28
Lübeck,4.18
Sporting KC,0.28
Lafnitz,2.97
Hebei FC,0.28
Ljungskile,0.425
Pyunik,5.59
1984 Muşspor,0.4
Las Rozas,0.15
Laholm,0.28
Smedby,0.28
Lion City,7.24
B36,1.5
Barnechea,4.13
West Bromwich,62.1
Nicaragua,2.73
JEF Utd,7.65
Port Melbourne,0.28
Olbia,3.5
Torreense,6.63
Stade-Lausanne,7.95
Dumbrăviţa,1.96
Cheonan City,4.25
São Bernardo,2.1
Stade Reims,98.6
Serik BS,0.28
Kabylie,6.35
Estrela,72.15
Chavdar,0.535
Ponferradina,4.45
Sogndal,4.1
Monastir,7.9
Rapid,37.03
Dnipro-1,26.88
Anorthosis,12.45
Sweden,285.8
Enyimba,0.28
Benfica II,0.28
Paris,0.28
York,54.65
Vitesse,27.78
Vitebsk,2.23
Nigeria,339.9
Teplice,5.68
Itabaiana,0.28
Caen,16.75
Figueirense,2.7
Piast,11.48
PAO II,0.28
Ehime,3.91
KFA,120.0
Vanløse,0.1
Lund,4.5
Aalesund II,0.7
Beitar,7.11
Mosta,9.5
Airdrieonians,2.03
Cardiff,48.6
Maribor,9.1
Bld Kütahya,0.2
Humenné,1.12
Stjørdals,0.125
AmaZulu,10.15
Monaro,0.28
Butrinti,0.28
Saguntino,1.63
Dome,0.28
Bahlingen,0.28
Gold Coast Utd,0.28
Elazığspor,0.55
1599 Şelimbăr,1.99
Phoenix Rising,5.73
Senegal,236.0
Mitre SdE,0.28
Chamalières,0.15
Huddersfield,26.53
Veleçiku,0.28
Zamora,3.35
St George City,0.28
Naftan,2.7
Jaro,2.28
Skanste,0.095
Mainz 05 II,2.8
Liepāja,3.07
Gnistan,0.84
Yverdon,8.35
Enköping,0.28
Olympiakos,85.6
Côte d'Ivoire,202.58
R. Union SG,0.28
Doncaster,4.63
Cwmbran,0.28
Racing,157.9
Haugesund,7.18
Paderborn II,1.18
Bogotá,24.6
Getafe,112.7
Gresford,0.06
Real Tomayapo,7.3
Crossfire Red.,0.28
Velimeşespor,0.28
Bonaire,0.28
Rajasthan Utd,1.45
Sassuolo,157.18
Cerezo,15.8
Jura Sud,0.15
Valour,2.77
Pau,162.8
Dallas,46.38
Jalor City,0.28
Juventude,12.25
Utrera,0.4
Vlašim,2.94
Junior,78.63
São Paulo,162.8
Vålerenga II,2.4
Czechia,123.35
Kastrioti,0.875
AIK,94.48
Verona,72.75
Ancona,4.03
Kars 36,0.28
Bonagee,0.28
North Carolina,2.88
Kristianstad,0.125
Stranraer,0.28
Ordabasy,11.8
Mioveni,1.69
Inter Club,3.06
Guaireña,3.88
Al Wahda,37.75
Fénix,6.33
Barbadás,0.025
Sansinena,0.195
Lightning,0.28
Songkhla,0.025
Slavoj,1.29
Kenkre,0.95
Kwara Utd,0.28
Venados FC,8.38
Goldstern,0.28
Welling Utd,0.075
Kohkwang,0.28
Tochigi,6.78
Tvååker,0.01
Markhiya,7.65
ThespaKusatsu,5.5
Pasto,7.0
Aschaffenburg,1.46
Iran,0.28
Estanciano,0.28
Volendam,12.78
Colón,769.0
Atlantis,0.025
Peninsula,0.025
Karaman FK,1.78
Vilzing,0.94
Syria,8.03
Tai,12.33
FS Jelgava U19,0.28
Tuna Luso,0.28
B 93,0.25
Vestri,1.19
Bayern,981.2
Sagan,10.6
VJS,0.28
Merthyr,0.05
Águilas D,11.45
Havant&Waterl,0.1
Harrogate,3.1
East Fife,0.2
Aldosivi,4.27
Union Omaha,2.48
Ljutomer,0.28
Young Boys,71.75
Boca,78.63
Vasas,4.58
Eastern Lions,0.28
Tokyo Verdy,6.1
Karacabey BS,0.28
Struga,3.62
Wieczysta,0.075
Floriana,4.49
Jerv,4.23
ASKO,0.5
Torquay,0.375
Sudan,1.43
Trinidad,10.23
Genk,127.25
Bouselem,0.28
Olimpija,85.6
Étoile Carouge,1.66
Bragança,0.28
Oberneuland,0.28
Querétaro,22.2
CAP,305.15
AS Khroub,0.28
Tanjong,1.18
Lagarto,0.28
BKMA,2.67
Taunton,0.28
Septemvri,3.56
Melaka Utd,0.28
União Leiria,2.98
Pendik,16.7
Slavia II,0.28
Sigma II,0.28
Union Berlin,179.0
De Graafschap,5.33
Plymouth P,0.05
Dnepr,2.13
Thróttur Vogar,0.28
Alessandria,1.98
Bahia,59.65
Straelen,0.135
Sivasspor,17.0
Sandecja,0.28
Soma,2.9
Wydad AC,20.82
Boston Utd,0.2
Shturm,0.05
Joinville,0.28
Başakşehir,50.93
Gateshead,0.3
Detroit City,3.26
Servette,26.01
Sotra,0.28
Peterborough,14.35
M Petah Tikva,0.28
Desp. Brasil,0.28
Belenenses,2.15
Godoy Cruz,16.4
Mesaimeer,0.675
Erfurt,2.4
Lazio,256.13
Raya2,0.28
Ríver,96.5
Timbers2,0.28
Kafr Qasim,0.28
Panama,15.1
Táborsko,3.44
Kremin',0.28
Gloria B.,0.28
Capo,21.93
Paços Ferreira,6.83
Ronghai,0.32
Ankara Demir,0.55
Newport,3.2
Ayvalıkgücü BS,0.28
Kuşadası GSK,0.28
Dominican Rep,2.75
Tzofi Haifa,0.28
Göztepe,11.58
Zwickau,1.61
Milan,574.1
Georgia,153.3
South Sudan,0.625
Khujand,2.6
Ittifaq,45.33
Hapoel Hadera,4.35
Annan,0.25
Cercle Brugge,29.98
Beleza,0.28
Tranent,0.28
Anguilla,0.28
Arema,3.57
Tokushima,7.73
Energetik-BGU,2.48
Van,35.65
Serra Branca,0.28
Bhayangkara,3.99
La Fiorita,0.89
Portuguesa,902.0
Vaughan,0.425
SGS,0.66
Sporting CP,237.4
FA Šiauliai,4.65
Zagorje,0.28
Metz,36.1
Aurora,5.05
Rengo,0.675
Tre Penne,1.2
Redlands Utd,0.28
Júbilo,9.2
Carnoustie Pan,0.28
Future,10.35
Agropecuario,4.68
Taubaté,0.1
Rio Preto,0.28
Montenegro,43.8
Atlanta,338.75
Reggina,9.28
Camioneros,0.28
O'Higgins,9.6
Leamington,0.28
Austria II,0.025
Minai,0.15
Vila Nova,9.18
Middlesbrough,57.95
Shijiazhuang,6.7
Grafičar,5.16
Zlín,4.88
Teruel,3.18
Thailand,7.35
Tacuary,4.85
Santos Laguna,58.3
Sheff Utd,90.5
Zamalek,19.98
Persija,4.33
Luton,72.9
Tottenham,715.3
Sailiya,1.58
Rayo,74.3
Asteras,8.33
Sydney Olympic,0.025
Liga MX As,0.28
Ñañas,0.28
IFK Göteborg,11.68
Kharitiyath,0.175
Balzan,2.63
Puszcza,7.03
Ceramica Cleo,0.025
Monterosi,4.24
Akhdar,1.08
Krabi,1.0
St. Kitts,1.35
Gardabani,0.045
Marathón,3.92
Nyköping,0.28
Annagh Utd,0.28
Nyva Ternopil,1.73
Binh Dinh,2.82
Liefering,8.2
ZFC Meuselwitz,1.11
Yupanqui,0.28
Brezno,0.28
Motagua,4.39
Saarbrücken,6.43
Hungerford,0.28
Venezuela,47.5
Zweigen,7.43
Savyntsi,0.28
Leixões,4.28
Torestorp,0.28
Ibiza,6.7
Levanger,0.15
Benburb,0.28
ASK Klagenfurt,0.28
Three Towns,21.31
Carabobo,5.68
Draßburg,0.28
Trabzonspor,100.98
Stocksund,0.3
Arad,43.8
Cordino,0.28
Cheshunt,0.28
Sandefjord,6.0
Serbia,333.0
Bamberg,0.46
Pontypridd,0.96
Hamilton,3.83
Longford,0.075
Debrecen,8.78
Legion,4.19
Urquiza,0.175
Unión Española,11.23
Smorgon,2.2
Spirit,1.75
San Martín SJ,0.06
Darmstadt 98,27.2
Vilafranquense,0.425
Nakhonsi,2.35
Etar VT,0.28
Magni,0.08
Flandria,1.81
Farnborough,0.28
Brage,4.39
TSC,772.5
Lanús,29.43
Polet,0.05
Austin II,0.28
Violette,0.15
Kamatamare,2.09
Daejeon,13.1
RWDM,12.9
Biga,0.28
Tarsus İY,0.205
Jamal,1.81
Omiya,6.4
Budućnost,3.3
Ørn Horten,0.28
Albacete,14.6
Südtirol,13.0
Eskilstuna,4.26
Sisaket Utd,0.125
Ludogorets,42.55
Colmenárez,3.56
Egaleo,1.4
Dubrava,1.99
Boys,73.7
Mjøndalen,3.03
Almazán,0.28
Pumas Tabasco,4.3
ABC,338.75
Maringá,2.3
Cabrero,0.1
Orsomarso,2.9
Wat Bot,0.28
Strømsgodset,6.85
Alcora,0.28
Remo Stars,1.78
Şile Yıldız,0.28
Ansan Greeners,4.5
VPS,3.15
Gambia,31.8
Clarewood,0.28
Kelantan,2.38
Dulwich Hamlet,0.28
Hoffenheim,130.55
Iveria,0.28
Internacional,84.0
Frankfurt,276.7
Camboriú,0.35
Trollhättan,0.325
Flora,4.5
H Acre,0.28
São João Ver,0.28
Rimini,3.03
Trenčín,4.65
Puskás,11.05
Remo,69.25
Cracovia,12.55
Fløy-Flekkerøy,0.28
Stuttg Kickers,0.28
Peña,61.3
Maranhão,0.15
NYCFC II,0.725
Votuporanguens,0.28
GV Suns,0.28
FC Tallinn,0.28
Enosis,2.0
Kristiansund,4.49
ML Vitebsk,0.28
Taranto,3.73
Billericay,0.1
Des Moines,0.4
Proodeftiki,0.125
Noroeste,0.325
ASEC,1.31
Watford,73.7
Aruko,0.28
Chile,91.75
Basel,28.75
Molde,25.5
Crewe,4.25
Leobendorf,0.28
Anagennisi K,3.14
River Plate,96.75
Dender,6.73
Zavrč,0.28
Guadeloupe,10.28
Slovan Velvary,0.15
Gim Concepción,0.28
Tukums,1.61
Marítimo,9.0
Siirt İÖİ,0.28
Khenchela,3.53
Bregenz SW,0.28
Libya,2.85
BW Lohne,0.01
Malmö,30.45
Kochi Utd,0.175
Fluminense PI,0.28
Alianza Atl.,9.15
Machhindra,1.94
Udon Thani,0.225
Simrishamn,0.28
Kolding,0.6
Karşıyaka,0.6
Inter Miami,84.0
Bucaramanga,6.03
Ried,6.54
Gent,81.95
Lugo,4.85
Grêmio Pr,0.28
Forward,2.46
Callies,0.05
Sutherland,0.25
BSF,3.99
OFC,5.5
Umm Salal,13.8
Tigres,70.6
Botafogo,72.15
Abahani Dhaka,0.28
Sarawak Utd,0.28
Racing Ferrol,8.9
Esteghlal,12.15
Bragantino B,0.45
Drumchapel,0.28
Wallern/St. Ma,0.28
Chlumec n.C.,0.28
Mladost NS,0.28
Xingzhou,2.41
Astana,14.18
Lebanon,5.25
Jamaica,94.48
Navalcarnero,1.25
Osasuna,137.8
Finland,28.28
Accrington,2.6
Keçiörengücü,5.35
Sundsvall,4.21
Las Parejas,0.22
Kabinburi,0.28
Fulham,273.5
Broomhill,0.28
Lyon,215.9
RB Bragantino,71.63
Fermana,1.56
Namibia,0.75
Komárno,2.33
Salernitana,95.93
Petrolul 52,0.28
Raufoss,2.37
Devolli,0.01
Oldham,0.725
Vegalta,10.23
Zambia,1.83
Brechin,0.28
La Equidad,7.73
Samut Sakhon,0.05
Middelfart,0.3
Íbis,0.075
Annecy,8.35
Rosengård,0.28
Central Coast,4.1
SK Poltava,1.76
Audax,10.15
St.Gallen,23.3
Korea Republic,120.0
Liniers BB,0.28
Dragón,7.9
Libertad,19.1
Lehnerz,1.37
Khorfakkan,0.03
Mariehamn,2.85
APOEL,16.39
Příbram,2.78
Redditch Utd,0.28
Alloa Athletic,0.7
Malawi,0.5
Ahlafors,0.16
Oxford,9.1
Hoffenheim II,7.3
Armenio,0.28
Afan Lido,0.28
Örebro,3.75
Gorica,10.6
Baník,12.43
Atl. Mineiro,83.4
Grobiņa,0.275
Reipas,0.28
Paraná,102.8
UCD,1.25
A Quilmes,0.28
Bordeaux,39.0
Dila,4.13
Tatran,2.4
Seeb,2.68
Fontinhas,0.28
Uxbridge,0.28
Clovers,0.225
Ullensaker,0.075
Ajax,188.1
Palermo,26.7
TuPS,0.28
Universidad,31.0
KFG,0.1
Cerrito,3.54
FAS,299.93
Banbueng,0.28
Moto Club MA,0.28
HHC,0.075
Cuba,1.78
Dinaz V.,0.28
Da Nang,2.65
Madagascar,1.68
Augsburg II,2.8
Osasco Audax,0.45
Tellioz,0.635
Courense,0.28
England,0.28
Nevşehir Bld.,0.25
Temperley,4.06
Western Sydney,7.13
Rothes,0.28
AEK II,0.28
Egersund,0.4
Staal,0.05
Juventud UG,0.28
Colne,0.28
Santos,67.15
Cipolletti,0.755
Novorizontino,10.45
Omiya Ardija,6.4
V. Francavilla,2.02
Macarthur,7.35
Bayrampaşa,0.28
Zaragoza,28.85
Minsk,7.9
Oţelul,4.76
Crawley,2.9
Setúbal,0.5
Chrobry,3.55
Raków,38.9
Avispa,12.28
Epitsentr,1.88
Panaitolikos,10.53
EIF,3.16
Porto,902.0
Cherno more,6.68
Erzurumspor,2.35
La Masia,0.025
Petrocub,5.6
IF Karlstad,0.3
São Raimundo,0.28
Odd II,0.875
Fukushima,2.53
Primorje,0.575
Linköping,0.28
Villarreal II,0.28
Holywell,0.28
CSKA,85.25
Austria Salzb,180.35
Liaoning,1.48
Chapecoense,12.05
Itapirense,0.28
Whitecaps FC 2,1.65
Ankaraspor,2.46
Viborg,12.05
Shenzhen,5.43
La Tamponnaise,0.05
Ceará,24.35
Freiburg II,6.73
Cuiabá,20.23
Honka,5.08
Platense,12.65
Once Caldas,6.53
Thorns,0.28
Evreux,0.28
DOVO,0.67
Vida,1.91
Nagoya,14.2
Villa Mitre,0.56
Triglav,0.945
Henan,5.58
Gualaceo,6.58
Curzon Ashton,0.28
Lamia,8.28
Huracán,32.4
Metta,1.91
Indy Eleven,4.23
New Zealand U23,3.5
JaPS O35,0.28
DAC 1904,13.64
Hapoel TA,0.28
Brusque,4.85
Stoke,41.8
Den Bosch,4.73
FC Tokushima,0.01
Metalurh,1.76
Everton,390.15
Öster,314.6
Wikki,0.28
Stabæk,0.28
Amazonas,1.85
Farense,9.43
Dornbirn,3.04
Nasaf,7.95
Atlético CE,13.05
Brunei,2.36
Western United,6.83
Cholet,4.23
Fortuna II,0.28
Miami United,0.01
Brown Adrogué,2.57
Surin Sugar,0.28
China,10.35
Força e Luz,0.28
Larne,3.2
Hertha BSC,59.95
Sportlust,0.28
Farsley,0.285
Bistritsa,0.32
Austin,46.33
Javor,6.95
Dobrovce,0.05
Angers,117.38
Walsall,3.55
Pérez Zeledón,3.43
KPV,0.835
Paju,0.1
Dragons,7.9
RNK Split,0.28
PDRM,2.27
San Telmo,2.26
Çankaya,0.2
Gençlerbirliği,4.83
Envigado,6.63
Black Cross,0.28
Iwaki,4.28
Sparta II,0.28
Dungannon,1.35
Taff's Well,0.28
Bodø/Glimt,0.28
Laos,1.37
Alianza,14.43
Darvel,0.28
Colegiales,0.195
Yalova,0.28
Ballymena Utd,0.28
Sarmiento,9.25
Real Oviedo,26.5
LA Galaxy II,1.4
Neusiedl,0.28
Maliqi,0.28
Fagiano,8.65
RW Koblenz,0.28
Eyüp,12.04
Wiesbaden,11.98
Makkasa,0.28
Patro,3.13
Acreano,0.28
Botev,11.25
Tampa Bay,4.38
Strømmen,0.1
Honvéd,3.01
Burdur MAKÜ,0.28
La Serena,6.4
Madureira,0.025
Reading,16.0
Nice,224.15
Pietà,0.78
Luzern,28.55
Cambodia,1.66
DC United,31.1
Smouha,5.9
Nantong,4.1
Bandeirante,0.28
Omonia,15.5
U. La Calera,0.28
Sleipner,0.28
Wisła,6.95
Cheltenham,4.99
Kepez BS,0.28
Kenya,17.0
Lisse,0.28
Cyprus,18.15
Falkirk,0.275
Nam Dinh,4.01
Drita,3.96
Stomil,0.28
CSA,112.65
Kasetsart,1.33
Warrenpoint,0.025
TS Galaxy,4.55
Ituano,6.15
U. de Chile,19.88
Maassluis,0.025
Rafaela,4.15
Arenteiro,2.38
Žalgiris,8.35
Hill Of Beath,0.28
Uthongathi,0.075
Bravo,24.1
Schott,243.4
Vega Real,0.085
Petrolera,7.88
Swindon,3.95
Högsäter,0.28
Hercules,2.83
FK Metalist,7.5
Ahli Tripoli,0.28
Seongnam,7.38
ÍBU,165.58
Bielefeld,5.23
Futera United,0.28
Almyros Gaziou,0.28
Groningen,17.8
Colchester,4.13
Shrewsbury,5.43
Aldershot,0.575
St Pat's,0.28
Quanzhou,0.75
Edirne,0.2
Kutaisi,4.68
S Resistencia,0.28
Stjarnan,1.43
Çorum FK,5.25
Erokspor,1.5
All Stars,0.05
Lemense,0.28
Tampere Utd,0.025
Oriku,0.205
Banská Bystric,4.0
Rain / Lech,0.28
St. Mirren,6.85
Dibba Fujairah,4.04
Camacha,0.28
Faisaly,3.23
Arendal,0.1
Pogradeci,0.28
Belo Jardim,0.28
Burnley,205.65
Konyaspor,29.88
Tobol,6.25
Cheongju,5.25
Hoek,0.2
Leek,0.28
Picerno,3.61
Ghana,188.03
Woking,0.5
Oleksandria,9.5
Ethnikos Achna,4.18
Real Santander,2.2
Cobán,4.25
Buriram Utd,9.8
Bischofshofen,0.28
Sai Gon,0.28
Turriff Udt,0.28
Kalju,3.21
U Cluj,10.16
Heimstetten,0.035
Angola,0.5
Empoli,75.55
Stal Mielec,5.25
GAIS,12.02
Chemnitz,1.61
Gwangju,10.5
Livingston,8.8
SalPa,0.69
Pyramids,22.13
Sampaio Corrêa,5.08
Zenith,0.05
Skoruk,0.28
Makedonikos N.,0.28
Isparta 32,2.0
Radnik,3.79
Gzira Utd,2.91
Ahly,31.4
Cerro Largo,6.95
Bergama BS,0.28
UTC Cajamarca,0.28
Doma United,0.28
Kaizer Chiefs,17.9
Jēkabpils,0.28
Rouen,12.05
Beaman Utd,0.28
Cancún,8.68
Coventry,41.95
Benfica,348.13
Adelaide City,0.1
Inter Miami II,0.525
Audax Angra,0.28
Ayacucho,3.65
Iraklis 1908,0.28
Lyn,6.8
Sestao,2.85
Imolese,0.86
Guatemala,7.38
Utrecht II,3.7
St Albans,0.025
Vietnam,5.66
Bulvarspor,0.05
Hannover II,0.28
Elfen,202.58
Loudoun Utd,0.28
Hødd,2.8
Huddinge,0.025
Radomiak,11.28
Trans,3.55
Vire,0.05
Bohemians,6.88
Liberia,7.18
Saint-Étienne,34.75
Fethiye,2.38
Jeju Utd,0.28
Chicago House,0.28
Rentistas,3.6
Pipinsried,0.05
Saudi Arabia,23.8
Lionsbridge,0.28
Hampton Richm,0.28
Prachuap,3.5
Concordia,4.32
RGV FC Toros,3.32
Sham Shui Po,0.73
Rödinghausen,2.28
Iaşi,15.6
Azuriz,0.2
Diagoras,2.98
CRAC,31.1
Madura Utd,0.28
Central Norte,0.755
Nancy,4.45
Apollon,13.68
Nazilli BS,0.28
NEROCA,1.33
Skalica,3.48
Willem II,6.53
Enugu,0.05
Vasalund,0.3
Bursaspor,1.99
Paderborn,16.18
Univ Católica,0.28
AEL,63.95
Ger Rawson,0.28
Amorebieta,5.25
Ždralovi,0.1
Reichenau,0.28
Stenhousemuir,0.025
Córdoba,13.05
Stal Rzeszów,2.5
Valmiera,5.25
Nyva Vinnytsya,0.28
Edgeworth,0.28
Rakvere,0.28
Gol Gohar,7.08
Toucans,0.28
Ebbsfleet,0.675
Fluminense,77.65
CD Coria,0.8
HIFK,0.69
Osmaniyespor,0.36
Houston II,0.28
Serhat Ardahan,0.28
Shkumbini,0.01
PJ City,0.28
Tira,13.53
Juventus II,0.05
Mixco,2.46
Murici,0.28
Eindhoven,161.83
Poland,227.2
Juventus,489.7
Glasgow City,0.28
Real Kashmir,1.43
Rio Ave,13.5
Barranquilla,21.03
Levante,32.05
Bengaluru,4.78
Turbine,2.35
Emmen,7.13
Amnatcharoen,0.28
Cobresal,9.05
Parceiro,3.29
Admira,4.55
Defensores Bel,0.28
Arouca,19.65
Hibernian,13.2
Cambridge Utd,5.78
Silz / Mötz,0.28
Rehden,0.05
BATE,8.3
Kežmarok,0.28
Toyama,3.08
Sydney,7.35
Orduspor 1967,0.225
Independente,0.6
Eupen,23.43
Southampton,289.5
Miami,84.0
Tanzania,5.13
Katwijk,0.175
Hougang Utd,1.68
Valadares Gaia,0.28
Stoke City,41.8
Hong Kong,4.88
Hillerød,2.83
Kagoshima Utd,4.0
Kifisia,6.83
Granada,52.7
Fortuna Köln,2.26
Cizre Serhat,0.28
Portugal,902.0
Hebar 1918,0.28
Tijuana,27.2
1074 Çankırı,0.28
KFUM,3.73
Liechtenstein,0.925
Al Bataeh,9.12
Žarkovo,0.28
GrIFK,0.01
Lopburi City,0.28
Hércules,2.83
Lens,157.9
Simba,14.3
Appalachian,0.28
Strasbourg,112.65
Standard,47.05
Qabala,5.08
AFA Olaine,0.06
Arnedo,0.725
HSV II,2.68
Amiens,18.63
Grau,7.93
Častkovce,0.125
TUIL,0.175
Líšeň,3.0
Hässleholm,0.28
El Dakhleya,0.28
Augsburg,124.7
Spittal,0.28
Denizlispor,0.85
Sertãozinho,0.15
Gute,0.525
Järfälla,0.01
Östersunds FK,3.94
Winterthur,9.7
Partizan,39.15
Pêro Pinheiro,0.125
St. Louis II,0.28
Náutico RR,0.28
Osaka,15.8
Brazil,894.0
PSIS,4.06
Čukarički,24.36
Duisburg,5.78
Səbail,0.28
MLS All-Stars,0.28
Brest,56.65
Cove Rangers,1.54
Ittihad,118.93
Ajman,13.95
Como,26.75
Würzburg,2.55
Atlas,34.4
Uganda,3.88
Bolívar,11.66
Devonport City,0.28
Cobh Wanderers,0.28
Niki,150.8
FSC Mariupol,0.28
Reggiana,8.26
Jiading,1.28
CSA Steaua,3.7
Prostějov,3.55
BIT,8.6
Alemannia,2.79
Nacional AM,0.28
Belišće,0.01
Stockholm Int.,0.28
Al Batin,3.55
Horoya,1.23
Utsikten,4.24
TuRaKe,0.28
Jazz,0.28
Danubio,10.54
Kryvbas KR,8.15
Equidad,7.73
Forge,3.69
Barbalha,0.28
Togo,13.65
Leverkusen,427.75
Hermannstadt,9.85
Qəbələ,0.28
Ross County,8.18
Villerupt Thil,0.28
Botafogo SP B,0.28
Oriolik,0.28
Wikielec,0.28
Parndorf,0.28
France,0.28
Campinense,0.85
Fužinar,0.365
PEPO,0.28
Hamburg,42.03
Bangladesh Pol,2.31
Differdange,1.63
Gangwon,12.33
Cleveland,0.28
Shamrock,3.93
Dolný Kubín,1.06
Jacuipense,0.05
Fuenlabrada,3.15
Paykan,3.9
Salzburg,180.35
Lupo-Martini,0.28
Sheriff,13.53
Caballero JLM,0.28
Helsingborg,5.73
St. Vincent,0.4
Marseille,288.85
Rivers Utd,0.28
Levadiakos,8.53
Chennaiyin,3.35
Tavarnelle,0.8
Pinheiro,0.125
Sertanense,0.28
Jastrzębie,0.28
Isidro,2.19
Spartanii,0.955
Rincón,0.025
Velarde,0.28
ASO Chlef,4.95
Tammeka,1.67
Dudelange,1.87
NWS Spirit,0.01
Newport Pagnel,0.28
Almirante Br,3.17
Sheffield Utd,90.5
Sirens,1.23
Hanwell,0.28
Noordwijk,0.28
Slovakia,151.48
Fürth II,2.03
Eskişehirspor,0.28
Ranheim,2.78
Oeste,5.19
Maldonado,7.18
Vllaznia,3.58
Primorac,0.28
Le Havre,45.5
Jagiellonia,11.15
One Knoxville,2.15
Botoșani,7.91
Guillermo Br,2.68
Åsane,2.96
Merreikh,2.35
Istar,0.855
Park City,0.28
Sedan,1.65
Australia,39.75
Unterhaching,4.15
Knights,0.25
Man Utd,872.1
Seoul,15.58
Rekord BB,0.28
Hemgårdarnas,0.28
Pontedera,2.65
Kitchee,5.04
Reims,98.6
Ukraine,269.1
Brabrand,0.025
Globo,0.28
Feiha,19.7
Sampdoria,34.95
TNS,2.26
Mahdia,0.28
Pro Vercelli,3.2
Cruzeiro,52.7
Pl Środa,0.28
Gimn La Plata,0.28
Leipzig,406.9
Bayelsa Utd,0.28
Olympiakos II,0.28
Fehérvár,11.93
Niort,4.5
Džiugas,2.92
Firpo,1.67
Hohenems,0.28
Argentina,681.0
HooGee,0.28
Toulouse,75.65
Atl. Nacional,21.4
Barnet,0.28
Humaitá,0.025
Flint Town Utd,0.28
AlbinoLeffe,3.25
Gefle,2.28
Jamshedpur,3.0
Wanderers,353.18
Necaxa,30.3
Galaxy,50.68
CAND,4.27
Elfsborg,14.75
SLNA,2.36
Agudat Ashdod,0.28
Ümraniye,5.43
Karlshamn,0.28
Hudiksvall,0.01
Broadmeadow,0.28
MetroStars,0.28
Wycombe,5.95
Brasil Pelotas,1.0
Ceilândia,0.75
Anderlecht II,0.28
Fleury 91,0.45
Felgueiras,0.4
Kelantan Utd,2.38
Telstar,3.38
Pro Patria,3.41
ÍBV,1.3
Pohang,10.35
Træff,0.28
Kestelspor,0.28
Swallows,9.73
Soyaux,0.28
Afturelding,0.995
Montserrat,0.275
N. Ireland,32.2
Pride,19.03
Pafos,23.23
Cartagena,10.75
Moldova,15.4
RB Brasil,0.28
Angostura,2.13
Clyde,0.28
Bolivia,14.45
Celta Vigo,147.8
Zorya,16.95
Strathspey,0.28
Torpedo BelAZ,0.28
Eastleigh,1.43
Pingguo Haliao,3.04
Vendsyssel,3.43
Kórdrengir,0.28
Altona Magic,0.28
Nanjing City,2.85
Billows,0.745
Kidderminster,0.28
Almopos,2.11
Iraklis Laris.,0.28
Gottne,0.28
Fidelis Andria,1.71
Huntsville,0.55
Dalkurd,0.975
Red Star,67.53
Eibar,34.55
VfB Oldenburg,2.42
Västerås,4.73
Lommel,10.15
Iztapa,0.91
Dandong,1.67
Iquique,5.0
Aberdeen,14.08
Richards Bay,5.65
San Marcos,4.45
Myjava,2.08
Rwanda,2.01
Of,0.28
İstanbulspor,15.3
Norway,416.3
YSCC,2.24
Botafogo SP,0.28
San Miguelito,2.99
Swadhinata,0.28
Dominica,2.75
ENPPI,5.28
Lipany,0.28
Oulu,75.65
Selfoss,0.5
Ashdod,8.94
Dep. Pasto,0.28
Karviná,5.2
FCSB,32.65
Sabah,11.23
Tombense,7.58
Seoul E-Land,8.45
Kisvárda,7.25
Star,67.53
Bucaspor 1928,3.48
Monopoli,4.21
Eynesil Blds,0.28
Portalban,0.125
Aliança AL,0.28
Valladolid,48.95
Shakhtar,98.85
Progrès,3.74
Tulsa Athl.,0.28
Rapid II,0.28
HJS Akatemia,0.28
UCSA,0.28
Europa,1.1
Ängelholm,0.1
Peñarol,23.18
Karaköprü BS,0.28
Hume City,0.28
Armenia,30.88
Cork,1.95
Racing Club,157.9
Baleares,3.85
Kashima,17.45
Treze,0.05
Aswan,3.2
Millonarios,96.75
Colo Colo,23.28
Hainiu,4.75
Abia,23.8
TTM,337.38
East Riffa,0.625
DVTK,7.3
Tërbuni,0.27
Parnahyba,0.28
Zulia,3.0
Dinamo Minsk,7.9
Kufstein,0.28
Horn,73.7
Ind. del Valle,0.28
Athletic Club,205.9
Ansbach,1.0
Daugavpils,1.75
Norderstedt,1.21
Zejtun,0.03
Jiangcheng,0.905
Roma,305.15
Les Herbiers,0.5
HFC,4.78
Toronto,43.9
Guápiles,2.63
Kristina,0.28
Chivas,69.7
Hopaspor,0.28
Alecrim,0.28
VVV,5.25
Sheff Wed,14.5
Ilirija,0.835
SP. San José,0.28
Salgueiro,0.225
Chesterfield,0.95
EIF II,0.085
Alfreton,0.075
Heerenveen,28.1
Olimpo,0.48
Papuk,0.28
Mārupe,0.035
Murcia,7.65
Sutjeska,3.9
Memphis 901,4.97
Ægir,0.28
SK Beveren,7.48
Leones Negros,8.6
Fylkir,0.97
Dock Sud,0.26
Lok. DNV,0.28
Las Planas,0.28
Singapore,2.35
PPJ,0.28
Torino,171.35
Ceuta,4.53
Mallorca,100.3
Ob. / Rot.,0.28
Raed,8.85
Huesca,17.7
Vittsjö,0.28
Željezničar,4.33
Bosnia,86.2
Kumamoto,5.0
Baridhara,0.05
Cortuluá,2.7
Odd,7.55
Airbus,0.365
Sakaryaspor,5.95
Scheveningen,0.28
Roque Lepe,0.75
Bucheon,11.15
Bhutan,1.0
Changchun,8.93
SM Mendoza,0.28
Nong Bua,0.28
Chattrakarn,0.28
YGU Pegasus,0.28
Port Vale,4.8
Consadole,11.18
Montrose,0.1
Šencur,0.01
Always Ready,9.5
Cazalegas,0.025
Kastamonuspor,2.05
Berkane,11.03
Worthing,0.15
Lichtenberg,0.28
Bursa Yıldırım,0.05
Leeds,220.5
Prime,0.05
Bishop's Stort,0.05
SønderjyskE,6.45
Nykøbing,1.5
Ayr Utd,0.28
Santa Cruz,8.12
Deinze,7.15
RFK Novi Sad,1.69
Amasyaspor FK,0.125
Muaither,6.15
Riteriai,3.93
Sportivo Amel.,0.28
BC Rangers,0.28
Táchira,5.96
Haka,3.94
Boyacá Chicó,6.35
4 de Julho,0.28
Bangkok,8.6
Cosmos,0.8
MNUFC2,0.28
Cittadella,12.1
São Caetano,0.15
Altay,3.35
Albion,350.1
Crvena Zvezda,67.53
Imortal,0.28
Myanmar,2.95
Monza,118.18
Real Soacha,2.97
Yeni Malatya,0.3
Waterhouse,0.28
Hereford,0.5
Le Puy F. 43,0.28
Werder II,0.9
Westerlo,26.7
Randers,12.55
Sylvia,0.1
UNFP,0.28
Pisa,28.38
Whitecaps,35.65
Khor,10.39
Hlučín,0.3
Tenerife,17.15
Matlock,0.28
Magpies,599.0
Chindia,3.53
Guadalupe,10.28
Diocesano,0.4
RKAV Volendam,0.28
Atlético GO,18.3
Yeovil,0.25
St. Pauli,19.05
Karabük İdman,0.1
Toluca,60.0
PSS,3.99
BTOP Hokkaido,0.28
Leopards,0.3
Xamax,5.15
Ocean,0.025
Kickers Emden,0.28
Freiburg,165.58
Buchbach,0.96
Sarmenstorf,0.28
Brisbane City,0.28
Caernarfon,0.95
Penybont,1.21
Ponte Preta B,0.28
Braga,128.7
Bristol City,32.25
Gim Mendoza,0.28
Glentoran,3.06
MyPa,0.28
Meizhou,5.95
Niğde Anadolu,0.28
CSKA 1948,16.45
Zlaté Moravce,2.83
Jerba,0.28
Kári,24.36
Crucero,0.135
Beaconsfield,0.28
Traiskirchen,0.28
Cabo Verde,21.93
Argentinos,31.1
Queen's Park,2.68
Muang Thong,4.35
Eidsvold,0.28
Hammarby,17.65
Uppsala,0.28
NAC,981.2
Ind Chivilcoy,0.28
Ciudad Bolívar,0.28
Southend,0.28
Barretos,0.28
Trelleborg,4.96
Homburg,2.92
Porto II,0.28
Korabi,0.525
Dijon,9.7
Southport,0.2
Gil Vicente,19.03
Nepal,2.03
St Quentin,0.28
Aluminium Arak,4.38
Cottbus,2.58
Club Africain,8.93
Höllviken,0.28
Shirak,2.36
Chayka,3.88
KÍ,24.36
Maritsa,1.64
AGF,17.55
Team TG,0.28
Dunipace,0.28
Urartu,6.86
Huntly,0.28
Kalev II,0.28
UPNFM,2.06
Monterrey,80.5
Güemes,1.94
Montevarchi,0.7
Faroe Islands,3.1
Ternana,11.58
Aarhus Fremad,0.7
DEM,79.0
Selangor,5.63
Imst,0.035
AB,0.825
VG-62,0.28
Inter San Fran,0.28
Dubnica,0.545
Deveronvale,0.28
Varnsdorf,2.35
Foz Iguaçu,0.28
Sergipe,0.35
Hanácká,1.4
Nassaji,4.86
Rio Claro,0.025
Cape Town City,9.8
Marte,2.04
U. Concepción,3.83
Békéscsaba,1.02
Edmonton,0.28
Leichhardt,0.05
Haras,0.28
Volendam II,0.28
Camelon Jnr,0.28
Red Stars,0.28
AVS,123.35
Águila,11.45
Indonesia,9.08
Atlètic,529.2
Nogoom,0.28
Santamarina,0.635
St. Albans,0.28
Efeler 09 Spor,0.02
Tlaxcala,5.35
WBA,62.1
GKS Katowice,4.5
Újpest,6.26
Gimn Jujuy,0.28
Dep. Municipal,3.93
Melbourne City,9.03
Rochdale,2.05
Iguatu,0.28
Excursionistas,0.01
Ho Chi Minh,2.02
Grenada,1.65
Ocna Mureș,0.28
Balingen,1.08
Ulm,3.75
Alavés,39.7
Siena,1.35
Veria,1.88
Mirassol B,0.28
Mamelodi,31.43
Borac BB U19,0.28
Man City,1240.0
Münster,4.38
Kongsvinger,3.45
Genk II,0.28
Lee Man,4.76
Hirnyk-Sport,0.28
Weymouth,0.28
Brålanda,0.28
Nürnberg II,2.25
Buxton,0.1
Nedelišće,0.28
M Ahi Nazareth,0.28
Erechim,0.28
Grulla Morioka,3.27
Fjölnir,0.825
Santa Tecla,1.23
Halifax,3.32
Belgium,373.7
Vierzon,0.28
Anápolis,0.05
See Khwae City,0.15
Argeș,4.44
Nova Venécia,0.1
Coatepeque,3.29
Shamal,10.08
Eswatini,0.28
Saprissa,5.68
Sudeva,0.75
Def Unidos,0.28
Marília,0.45
Novara,3.68
Orense,7.1
Métlaoui,2.88
SJK-j Apollo,0.28
Petrolina,0.28
Chelsea,961.95
Wofoo,1.7
Kuopion Elo,0.28
Yemen,0.55
Sanna,12.9
Motor Lublin,2.05
Jiangxi DHJ,0.28
Dragonas IDV,0.28
Rahmatgonj,0.28
Sanat Naft,4.33
Operário,3.33
Comunicaciones,4.79
Royal Pari,8.48
Kasem Bundit,0.28
Rapperswil,1.74
Racing U19,0.05
Nantes,93.78
Customs Utd,0.775
Hammam-Lif,0.05
Iváncsa,0.1
Cibao,0.475
Holstein,18.95
Leones,13.26
Uni San Martín,0.28
Def Belgrano,0.28
Sol de América,0.51
Mito,13.93
Santo André,1.1
Louisville,5.39
Adanaspor,3.85
Lokomotiva,17.05
Hibernian U19,0.28
Charleston,4.7
Paide,3.55
Central Valley,2.45
Bellinzona,4.2
Chicago,36.25
Capalaba,0.28
Fujieda,5.18
Croatia B,0.28
Hammarby TFF,1.0
Thesprotos,1.17
Grasse,0.375
Vicenza,8.83
FAC,9.58
Majadahonda,3.6
KäPa,8.05
Ierapetra,1.2
Metalac GM,0.28
Chinese Taipeh,0.28
Cienciano,8.43
Haninge,0.125
Beira-Mar,0.275
Aalen,1.28
Keflavík,1.05
Amora,3.35
Potyguar,0.28
Volta Redonda,0.725
Åtvidaberg,0.28
Magesi,0.3
Antwerp,98.0
Dondol Stars,0.025
Flamurtari,2.02
Sharjah,40.58
Denmark,391.7
Ramat HaSharon,1.95
Almagro,45.38
Al Duhail,37.68
Vasco,69.25
Düzce,1.11
Tuntum,0.28
Meppen,1.72
Paro,0.8
35-e Skola,0.28
Gainare,2.61
Veres Rivne,6.35
Burton Albion,6.2
Groene Ster,0.28
Stallions,0.2
Viktoria Köln,4.85
Phitsanulok,0.4
Yozgatspor,0.28
Arda,136.5
Vanraure,2.22
Brugge,141.45
Lamphun,3.33
Iporá,0.2
Charlotte,36.05
Giravanz,2.72
Ferencváros,49.65
Regensburg,5.4
Univer,31.0
HB,1.76
Kolubara,5.67
Numancia,2.73
Brattvåg,0.025
Galatasaray,247.13
Braves,0.28
HPS,0.025
København,61.3
FC Laval,0.28
Ankaragücü,28.35
Düsseldorf,26.8
Orlando City B,3.15
Sandhausen,6.23
Pergolettese,3.2
Polonia,227.2
Sturm,47.6
H. Qalansawe,0.28
Schalke 04,29.35
Inđija,0.28
Besa,0.395
Aris Limassol,16.83
Dorados,7.7
Lausanne,12.9
Albirex,11.5
Boston River,6.59
Suceava,0.28
Rishon LeZion,2.24
Zawisza,0.025
AaB,11.7
PAO Rouf,0.125
Junkeren,0.28
Bayadh,3.8
Viktoria Plzeň,30.0
Glenavon,1.56
Bocholt,1.44
Ahli,150.23
Widzew,10.1
Arenas Getxo,0.28
Djurgården,19.03
Nyon,2.7
Ponnistajat,0.28
Amed,2.66
East Stirling,0.025
GAK,4.67
PSV II,5.93
Domžale II,0.28
UCV,19.97
Earthquakes II,0.15
Elche,44.6
Gimnástica,1.83
Saif,0.28
KuPS,5.73
Xinabajul,1.8
Rayo Zuliano,3.0
Bartın,0.28
JäPS,0.585
Kukësi,1.75
Hansa II,0.28
Bistrica,1.14
Gümüşhane,0.06
Centro Español,0.28
Dainava,2.98
Apolonia,1.14
Ballkani,4.98
Geylang,1.55
Haitzendorf,0.28
Churchill,2.48
West Coast,3.75
Casa Pia,14.03
Aalesund,7.35
Mariners,4.1
Instituto,13.05
Dinamo Zagreb,111.1
Eastern,3.34
New Zealand,12.83
Rotkreuz,0.28
Næstved,0.28
Rodez,10.43
I Tiberias,2.56
Tirsense,0.28
Viseu,11.38
Häcken,23.1
Sendai,10.23
Rockmount,0.28
Modbury Jets,0.28
Illertissen,1.84
Fiorentina,274.55
Shams Azar,4.9
Sindri,0.08
PPJ / Ruohol.,0.28
Dacia-Buiucani,0.28
Ratchasima,1.5
Tesla Stropkov,0.075
Arbedo,0.28
LA Force,0.25
Portimonense,12.8
Brighton,350.1
Tuzla,5.26
Urayasu,0.28
Kvik,0.1
Belouizdad,13.08
Renate,3.73
Dartford,0.05
TSS Rovers,0.125
Ilioupoli,1.5
Floreşti,1.36
Morrinhos,0.28
Lecce,67.9
Guangzhou,1.38
Rågsved,0.28
San Diego Wave,0.28
Anyang,15.58
Moreirense,12.45
Lille,211.5
Mauritius,0.28
Cerro,23.78
Lucan Utd,0.28
Aizawl,1.7
Maipú,3.74
Geish,0.28
Helsingør,3.98
Räppe,1.34
Real Estelí,0.56
Pohronie,1.39
Olympique Béja,4.2
Havadar,3.01
Engers,0.28
Utebo,902.0
FC Motown,0.025
Sp. Cristal,0.425
Gulf Heroes,0.1
Aragua,116.6
Memmingen,0.775
Sucleia,0.28
Salford,5.0
Wexford,0.1
Podbeskidzie,4.4
Kudrivka,0.28
Gharafa,12.43
24 Erzincan,2.19
Sauchie Jnr,0.28
Chornomorets,6.8
Dalstorps,0.075
Polokwane,0.35
Douglas Haig,0.455
Japan,222.85
Lobi Stars,0.28
São Tomé,0.3
Panserraikos,8.9
Los Andes,0.45
Pardubice,6.25
Blaublitz,5.35
Cumbernauld C.,0.28
Sharqia Dokhan,0.28
Treffers,0.425
Nairn,0.05
Kolos,8.85
Sport,237.4
Panevėžys,5.22
Aubagne,0.28
Etimesgut BS,0.28
Portadown,1.23
Afumaţi,0.125
Montpellier,119.35
Ethiopia,1.0
Tacoma Def.,0.28
Chaux-de-Fonds,0.28
Kassel,1.64
NC Magra,3.8
Armada II,0.28
M'gladbach,187.73
Osnabrück,10.85
Blacktown City,0.28
Harkemase Boys,0.28
Quindío,4.68
Ferro Carril,5.19
Boreham Wood,0.5
Hull,61.25
NEC,98.85
Épinal,0.65
Switchbacks,4.29
Primavera,9.07
Claypole,0.28
Frýdek-Místek,0.575
Achuapa,1.74
Bukovyna,1.1
Dongwu,2.2
Sevilla,225.0
Norrköping,13.35
Britof,0.28
Kasımpaşa,18.33
St. Johnstone,6.65
Minnesota,33.98
Tianjin JMT,0.28
Dynamo Kyiv,64.7
Sochaux,3.83
H Be'er Sheva,0.28
ÖSIF,0.28
Peterb. Sports,0.28
Oman,74.55
Jeonbuk Motors,0.28
CC Harima,0.28
Juv Antoniana,0.28
Lugano,26.16
Rayluck Shiga,0.28
Tochigi City,0.15
Messina,1.74
Chemie L.,0.28
Coquimbo,9.63
Bahrain,7.3
Arsenal,0.28
Slovácko,9.75
Keith,0.28
Rongcheng,10.08
Hercílio,1.1
Ireland,147.15
Frei Paulista,0.28
Vora,0.6
Shakhtyor,3.7
Santa Lucía,2.57
Rijnvogels,0.28
Bali United,5.1
Sol de Mayo,0.4
Maccabi TA,0.28
Guabirá,8.2
Trento,3.88
São José RS,0.28
Ionikos Ionia,0.28
Miedź,3.55
Llaneros,4.07
Hippo,0.28
Saoura,5.85
Heracles,12.75
9 de Julio,0.205
Suriname,31.78
Jordan,9.13
RW Oberhausen,2.25
CFR,18.75
Falkenberg,0.28
SKRA,4.13
São Raimundo R,0.28
Gjilani,0.885
Honka Akatemia,0.28
Atlanta United,55.6
Antofagasta,6.05
Hotiza,0.28
Stockport,7.1
ASK,28.15
El Farolito,0.275
Leiston,0.28
Slatina,2.4
Verdes,49.0
Génesis,0.435
Mkhambathi,0.025
U Craiova 1948,19.97
Amavarara,0.28
Al Ain,0.28
Gimnasia Tiro,0.28
Malahide Utd,0.28
Guastatoya,1.82
Botswana,0.25
Episkopi,0.075
Avaí,12.83
NorthEast Utd,4.03
Yeni Çarşı,0.65
Desamparados,0.28
Patronato,3.13
Skövde,2.64
Labëria,0.28
Baroka,0.25
Unión,391.7
Treaty United,0.28
Pachuca,38.3
Huila,7.63
La Coruña,6.8
Chelmsford,0.55
Binh Duong,2.59
Fredericia,3.55
Zemplín,3.53
Cibalia,1.79
Burgos,15.6
Partizani,5.95
Mazıdağı,0.28
VAST,4.73
Livyi Bereh,0.55
Auckland,5.18
FCOSK,0.28
Villefranche,3.93
Sekhukhune Utd,8.15
ESMTK,0.28
Castanhal,0.28
Sereď,0.025
Sierra Leone,5.2
Bylis,2.25
Khelang United,0.28
Isloch,3.73
Kyoto,13.95
Barnsley,13.88
Blackburn,54.2
Khuzestan,6.13
L Orient,0.28
68 Aksaray BS,0.28
Lindsdal,0.28
Ferroviário,6.15
Kilmarnock,6.5
Cameroon,82.65
Staphorst,0.01
Chapadinha,0.28
FeralpiSalò,8.88
Ariana,0.25
Landskrona,3.8
Kayseri,20.73
Mansfield Town,4.68
Persis,4.45
Virtus Verona,2.78
Täby,0.125
Tarragona,4.5
Manacor,0.15
ES Sétif,6.15
Koblenz,0.35
Vallecano,74.3
Gomel,3.55
Irodotos,0.01
OFI,20.79
Kuressaare,2.2
São José,0.6
Alcorcón,8.05
M Netanya,0.28
AZ,100.75
Earthquakes,46.3
Nordsjælland,0.28
Olancho,3.49
Podillya Khm.,0.28
Atl. Madrid,2.73
Damak,0.28
Bournemouth,308.6
Shelbourne,1.58
Arzignano,3.69
Guanacasteca,2.8
Lannion,0.28
Morning,3.25
K-League XI,0.28
Dordrecht,4.05
Bath,2.43
Villa Dálmine,0.94
Democrata GV,0.28
LV Lights,0.28
Beerschot,6.95
Russia,461.15
Crusaders,2.8
Kabel Novi Sad,0.01
Martigues,5.1
Bijelo Brdo,2.4
Shenhua,13.45
Kjelsås,0.1
Gabon U23,1.2
Chiangmai,2.23
Elversberg,10.48
Tondela,7.08
Kosovo,89.78
Sporting,237.4
Mazembe,1.68
Imabari,3.7
Bracknell,0.28
Linqueño,0.28
Carrarese,4.35
Congo U23,0.55
Vélez,44.48
Costa Rica,11.2
Neftçi,15.05
Dinamo Batumi,7.85
Twente,39.65
Marske Utd,0.28
Alvarado,3.6
Cúcuta,5.16
Eastern Sub,3.34
Banbury Utd,0.28
Husqvarna,0.28
Verspah,0.15
Oskarshamn,0.5
Cotonsport,0.1
El Paso Loco,4.34
Timor-Leste,0.805
Latvia,10.5
PuiU,0.28
Rudeš,8.11
Formartine Utd,0.28
San Juan,3.47
Fenerbahçe,218.28
Ha Noi,4.48
Jiuniu,2.24
Ibiza Pitiusas,0.28
Sint-Truiden,13.88
Viktoria,30.0
Tychy,3.65
Chacarita,4.04
Galway Utd,0.28
Gouna,0.925
Universitario,13.38
Moreton Bay,0.28
Telford Utd,0.28
Dortmund,461.15
Trinidense,3.85
SP Crystal,0.28
Volos,11.58
Brora Rangers,0.025
Cacereño,2.5
Slavia,45.55
Borneo,4.52
Machico,0.28
Fatsa BS,0.28
Wil,8.35
St. Pauli II,2.25
Vorskla,9.2
Ascot Utd,0.28
Rabotnički,3.63
Omrane,0.28
Barito,3.45
Menemen,4.04
Samsunspor,26.25
Cirbonero,0.475
Huachipato,12.95
Renofa,5.8
ZW,0.28
Newry City,1.45
Cobh,0.28
Germany,772.5
Stirling Unv,0.28
Bradford PA,0.28
Switzerland,242.5
Lindome,0.28
Chaco,2.25
Opava,3.28
Hobro,3.35
Negeri Seem.,0.28
Chiangmai Utd,2.13
Lokomotiv Sf,0.28
Gyeongnam,7.35
Juventude MA,0.28
Red Wolves,2.71
Rafsanjan,5.08
Villarreal,209.7
Glasgow Women,0.28
Interporto,0.28
Bahia de Feira,0.25
Jingchuan,0.28
RANS,0.28
Guadalajara,69.7
Inhulets',0.28
TPS,0.775
Mérida,4.6
Krems,0
Vis Pesaro,2.61m
USAC,300k
Patriotas,4.45m
Dundee Utd,0
ES Sahel,10.23m
Egypt U23,4.58m
Laval,8.00m
Lincoln,6.38m
Perth,6.95m
Morton,3.13m
Avenida,50k
Wigan,7.78m
Millwall,36.98m
Viktoriya Sumy,1.26m
Åsarp,0
Copiapó,6.88m
Balestier,1.44m
Bastia-Borgo,50k
FCHAM,0
Linas-Montlh.,0
Spennymoor,100k
Udinese,156.43m
Sanjoanense,400k
Borac BB,0
Hertha,59.95m
Kilis BS,0
Ullern,100k
Wattenscheid,430k
Burkina Faso,83.55m
Boavista,21.95m
SAMB,3.10m
Šibenik,5.75m
Ipswich,19.43m
SD Loyal,0
Stuttgart,136.50m
Xylotympou,0
Petro Luanda,3.53m
Stal SW,0
Skeid,3.56m
Akhisar,0
Scotland,243.40m
Darıca G.,0
Zibo Cuju,0
Ventura,0
Benin,17.13m
Kocaelispor,5.33m
OLS,234.10m
América RN,0
Zhixing,1.36m
Bizertin,3.60m
ŁKS Łódź,7.15m
Vimenor,100k
Atlético SE,0
Triestina,5.73m
Kortrijk,18.65m
Kallithea,7.33m
Olhanense,0
LAFC II,0
Radnički SM,10k
Bohemians 1905,6.88m
Lossiemouth,0
SP. Soběslav,0
Tigre,70.60m
Floreat,0
Voluntari,9.25m
Videm,0
Monterey Bay,3.83m
Manaus,900k
Kozakken Boys,850k
Moslavina,0
Tamworth,0
Arka,391.70m
Kolbotn,0
1860 München,6.23m
Spakenburg,175k
Vianense,275k
OHL,187.73m
Maracanã,0
Leicester,304.75m
Västra Frölund,0
Budafoki MTE,2.41m
Al Dhafra,4.82m
Greuther Fürth,21.18m
Druzhba,1.48m
Pordenone,0
Österåker Utd,0
Ballyclare,0
H Haifa,0
Bray,0
Bo'ness Utd,0
Chiangrai Utd,3.30m
Ingolstadt,7.23m
Uzbekistan,26.25m
Varaždin,10.06m
Zaouia,0
RC Arbaâ,2.48m
Metropolitanos,5.23m
Parma,50.53m
Laçi,2.24m
Dresden,7.58m
Tranmere,0.28